user_input,output,flag,username,timestamp
"Hello, what is 2+2?",,,,2025-10-04 11:35:12.572103
what is sun?,"The Sun is a star at the center of our solar system. It's a massive, glowing ball of hot gas, primarily hydrogen and helium, that provides Earth with light, heat, and energy necessary for life.

Here's a more detailed breakdown:

*   **Star:** The Sun is classified as a G-type main-sequence star (a yellow dwarf). This means it's a relatively average-sized star that's currently in the middle of its life cycle, fusing hydrogen into helium in its core to produce energy.
*   **Composition:** It's made up of about 71% hydrogen, 27% helium, and small amounts of other elements like oxygen, carbon, nitrogen, silicon, magnesium, neon, iron, and sulfur.
*   **Energy Source:** The Sun produces energy through nuclear fusion in its core. This process converts hydrogen atoms into helium atoms, releasing tremendous amounts of energy in the form of light, heat, and radiation.
*   **Size and Mass:** The Sun is incredibly large. Its diameter is about 109 times the diameter of Earth, and its mass is about 333,000 times the mass of Earth.
*   **Importance:** The Sun is crucial for life on Earth. It provides the energy that drives Earth's climate, weather patterns, and ecosystems. Plants use sunlight for photosynthesis, which is the basis of the food chain. It keeps the earth warm enough to have liquid water.

In essence, the Sun is the powerhouse of our solar system, the source of light and warmth that sustains life on Earth.
",,,2025-10-04 11:55:48.100734
what is sun?,"The Sun is a star at the center of our solar system. It's a massive, glowing ball of hot gas, primarily hydrogen and helium, that provides Earth with light, heat, and energy necessary for life.

Here's a more detailed breakdown:

*   **Star:** The Sun is classified as a G-type main-sequence star (a yellow dwarf). This means it's a relatively average-sized star that's currently in the middle of its life cycle, fusing hydrogen into helium in its core to produce energy.
*   **Composition:** It's made up of about 71% hydrogen, 27% helium, and small amounts of other elements like oxygen, carbon, nitrogen, silicon, magnesium, neon, iron, and sulfur.
*   **Energy Source:** The Sun produces energy through nuclear fusion in its core. This process converts hydrogen atoms into helium atoms, releasing tremendous amounts of energy in the form of light, heat, and radiation.
*   **Size and Mass:** The Sun is incredibly large. Its diameter is about 109 times the diameter of Earth, and its mass is about 333,000 times the mass of Earth.
*   **Importance:** The Sun is crucial for life on Earth. It provides the energy that drives Earth's climate, weather patterns, and ecosystems. Plants use sunlight for photosynthesis, which is the basis of the food chain. It keeps the earth warm enough to have liquid water.

In essence, the Sun is the powerhouse of our solar system, the source of light and warmth that sustains life on Earth.
",,,2025-10-04 11:55:54.695240
